,Nb sommets,Nb aretes,Time_limit,Statut_exp,Statut_CP,Statut_CPM,Statut_Martin,Statut_cycle,Objectif_exp,Objectif_CP,Objectif_CPM,Objectif_Martin,Objectif_cycle,Ecriture_exp,Ecriture_CP,Ecriture_CPM,Ecriture_Martin,Ecriture_cycle,Resolution_exp,Resolution_CP,Resolution_CPM,Resolution_Martin,Resolution_cycle
Spd_RF2_100_114_1811,100,114,334,,1,1,1,,,26,26,26,,,0.05506563186645508,0.920640230178833,0.63309645652771,,,0.34197139739990234,3.3097596168518066,4.236124038696289,
Spd_RF2_100_114_1819,100,114,334,,1,1,1,,,23,23,22,,,0.03860306739807129,0.913245439529419,0.5495121479034424,,,0.26214051246643066,2.5512852668762207,5.027211904525757,
Spd_RF2_100_114_1827,100,114,334,,1,1,1,,,23,23,23,,,0.03900432586669922,0.8784406185150146,0.565803050994873,,,0.27509045600891113,2.948829174041748,5.937379360198975,
Spd_RF2_100_114_1835,100,114,334,,1,1,1,,,23,23,23,,,0.042017459869384766,0.8866298198699951,0.5932018756866455,,,0.24874281883239746,1.985738754272461,5.679292678833008,
Spd_RF2_100_114_1843,100,114,334,,1,1,1,,,24,24,24,,,0.04011893272399902,0.8595726490020752,0.5983254909515381,,,0.45583271980285645,4.705082416534424,7.215898752212524,
Spd_RF2_100_129_1851,100,129,349,,1,1,1,,,18,18,18,,,0.043003082275390625,1.0270061492919922,0.6678709983825684,,,0.6538863182067871,36.450188398361206,37.15105199813843,
Spd_RF2_100_129_1859,100,129,349,,1,1,1,,,16,16,15,,,0.04686927795410156,1.0191092491149902,0.6495392322540283,,,0.8320267200469971,23.71991539001465,16.890737295150757,
Spd_RF2_100_129_1867,100,129,349,,1,1,1,,,17,17,17,,,0.054277658462524414,1.0171358585357666,0.6717257499694824,,,0.5468454360961914,6.659804821014404,18.20954418182373,
Spd_RF2_100_129_1875,100,129,349,,1,1,1,,,16,16,16,,,0.04098916053771973,1.0000910758972168,0.6557750701904297,,,0.26552724838256836,33.55067324638367,44.26750683784485,
Spd_RF2_100_129_1883,100,129,349,,1,1,1,,,15,15,15,,,0.055657386779785156,1.0279827117919922,0.632887601852417,,,0.4966428279876709,4.5880749225616455,22.75587296485901,
Spd_RF2_100_144_1891,100,144,364,,1,1,1,,,12,12,12,,,0.04552507400512695,1.1454062461853027,0.7175357341766357,,,0.8374884128570557,167.43970441818237,54.458507776260376,
Spd_RF2_100_144_1899,100,144,364,,1,1,1,,,11,11,10,,,0.04858541488647461,1.1055078506469727,0.7070608139038086,,,1.4825973510742188,209.59149479866028,273.0222771167755,
Spd_RF2_100_144_1907,100,144,364,,1,1,1,,,14,14,14,,,0.052274465560913086,1.1245934963226318,1.3325235843658447,,,0.8125252723693848,11.767263412475586,64.14266467094421,
Spd_RF2_100_144_1915,100,144,364,,1,1,1,,,9,9,8,,,0.04658317565917969,1.187349796295166,2.0712828636169434,,,0.7460393905639648,63.91480731964111,115.58926606178284,
Spd_RF2_100_144_1923,100,144,364,,1,1,1,,,13,13,13,,,0.047052860260009766,1.169041395187378,1.8923587799072266,,,0.9728438854217529,91.91533303260803,52.004432916641235,
Spd_RF2_100_159_1931,100,159,379,,1,1,1,,,8,8,8,,,0.05218029022216797,1.211609125137329,0.829432487487793,,,0.9625813961029053,127.81733012199402,123.71203255653381,
Spd_RF2_100_159_1939,100,159,379,,1,1,1,,,9,9,9,,,0.05761432647705078,1.182356834411621,1.278808355331421,,,1.1646435260772705,128.18168020248413,156.63904190063477,
Spd_RF2_100_159_1947,100,159,379,,1,1,1,,,7,7,7,,,0.05112743377685547,1.169978141784668,0.7451295852661133,,,4.01371955871582,192.90896034240723,167.92880201339722,
Spd_RF2_100_159_1955,100,159,379,,1,1,1,,,8,8,8,,,0.06527924537658691,1.169154405593872,0.8647167682647705,,,1.1261847019195557,231.91097116470337,72.74994421005249,
Spd_RF2_100_159_1963,100,159,379,,1,1,1,,,10,10,10,,,0.06805181503295898,1.1750929355621338,0.8046424388885498,,,0.568744421005249,80.6843273639679,120.80659675598145,
Spd_RF2_100_174_1971,100,174,394,,1,1,1,,,6,6,6,,,0.0685272216796875,1.319796085357666,0.865429162979126,,,2.0302634239196777,310.4053521156311,76.39662718772888,
Spd_RF2_100_174_1979,100,174,394,,1,1,1,,,6,6,6,,,0.06111931800842285,1.3895368576049805,0.8451662063598633,,,4.054330587387085,889.8196296691895,395.1682975292206,
Spd_RF2_100_174_1987,100,174,394,,1,1,1,,,8,8,9,,,0.053192138671875,1.3109166622161865,0.8647754192352295,,,1.6628437042236328,550.69824385643,395.27698016166687,
Spd_RF2_100_174_1995,100,174,394,,1,1,1,,,7,7,7,,,0.07687568664550781,1.3045198917388916,0.8770735263824463,,,1.2311069965362549,239.276437997818,283.30183696746826,
Spd_RF2_100_174_2003,100,174,394,,1,1,1,,,4,4,4,,,0.05269360542297363,1.4442005157470703,0.8132257461547852,,,1.6263096332550049,94.16107845306396,137.70484519004822,
Spd_RF2_120_136_2211,120,136,376,,1,1,1,,,30,30,30,,,0.048127174377441406,1.3331079483032227,0.8976459503173828,,,0.22995781898498535,4.328538417816162,4.917393684387207,
Spd_RF2_120_136_2219,120,136,376,,1,1,1,,,29,29,29,,,0.05468583106994629,1.3472096920013428,0.8113293647766113,,,0.5227456092834473,2.738074541091919,13.145002841949463,
Spd_RF2_120_136_2227,120,136,376,,1,1,1,,,29,29,29,,,0.053681135177612305,1.3883421421051025,0.8721919059753418,,,0.3654603958129883,4.921739339828491,8.479418992996216,
Spd_RF2_120_136_2235,120,136,376,,1,1,1,,,30,30,30,,,0.046610355377197266,1.3914551734924316,0.8622167110443115,,,0.33737945556640625,22.778794527053833,31.611388683319092,
Spd_RF2_120_136_2243,120,136,376,,1,1,1,,,30,30,30,,,0.06505107879638672,1.340355634689331,0.9167823791503906,,,0.6689929962158203,5.8615641593933105,7.9414732456207275,
Spd_RF2_120_152_2251,120,152,392,,1,1,1,,,21,21,21,,,0.05365562438964844,1.4515786170959473,0.9506020545959473,,,0.8777222633361816,18.009589672088623,63.80782198905945,
Spd_RF2_120_152_2259,120,152,392,,1,1,1,,,22,22,22,,,0.05252718925476074,1.4218871593475342,0.9156253337860107,,,0.6834437847137451,4.926908493041992,49.28459024429321,
Spd_RF2_120_152_2267,120,152,392,,1,1,1,,,22,22,22,,,0.05453610420227051,1.4759821891784668,0.9541215896606445,,,0.622581958770752,50.99559497833252,64.23322415351868,
Spd_RF2_120_152_2275,120,152,392,,1,1,1,,,21,21,20,,,0.06765556335449219,1.451664686203003,0.9281747341156006,,,0.68001389503479,56.55241370201111,67.20950603485107,
Spd_RF2_120_152_2283,120,152,392,,1,1,1,,,23,23,23,,,0.06871223449707031,1.4711461067199707,0.9696567058563232,,,0.4154670238494873,12.283324718475342,68.73306655883789,
Spd_RF2_120_169_2291,120,169,409,,1,1,1,,,17,17,17,,,0.09259867668151855,1.6495683193206787,1.019148826599121,,,1.4120731353759766,413.5904338359833,152.17403435707092,
Spd_RF2_120_169_2299,120,169,409,,1,1,1,,,16,16,16,,,0.05553889274597168,2.689574718475342,1.0629870891571045,,,1.096074104309082,358.7543156147003,209.27907252311707,
Spd_RF2_120_169_2307,120,169,409,,1,1,1,,,14,14,15,,,0.054524898529052734,2.208235263824463,1.01002836227417,,,0.9601802825927734,280.101149559021,410.39379692077637,
Spd_RF2_120_169_2315,120,169,409,,1,1,1,,,17,17,17,,,0.05640602111816406,1.898174524307251,1.012882947921753,,,5.366941452026367,2731.142063140869,210.85491013526917,
Spd_RF2_120_169_2323,120,169,409,,1,1,1,,,16,16,16,,,0.06617593765258789,3.2174689769744873,1.0135488510131836,,,1.5050511360168457,9.976372957229614,71.37557363510132,
Spd_RF2_120_185_2331,120,185,425,,1,1,1,,,11,12,12,,,0.07258725166320801,1.7978973388671875,1.2405920028686523,,,8.926944971084595,612.1892726421356,426.62475204467773,
Spd_RF2_120_185_2339,120,185,425,,1,1,1,,,12,14,12,,,0.062053680419921875,1.7456958293914795,1.089081048965454,,,2.8566102981567383,612.3138236999512,426.509480714798,
Spd_RF2_120_185_2347,120,185,425,,1,1,1,,,13,13,13,,,0.07653331756591797,1.83609938621521,1.10831880569458,,,0.9843156337738037,225.59289240837097,426.4980483055115,
Spd_RF2_120_185_2355,120,185,425,,1,1,1,,,10,11,10,,,0.062067508697509766,2.2120521068573,1.1405718326568604,,,1.60866379737854,612.6205422878265,426.52948021888733,
Spd_RF2_120_185_2363,120,185,425,,1,1,1,,,12,14,12,,,0.060004472732543945,3.584841012954712,1.1793508529663086,,,2.443073034286499,613.082099199295,281.6413598060608,
Spd_RF2_120_202_2371,120,202,442,,1,1,1,,,7,9,8,,,0.07646584510803223,3.9143357276916504,1.1754050254821777,,,16.01816201210022,647.330325126648,443.693412065506,
Spd_RF2_120_202_2379,120,202,442,,1,1,1,,,12,14,13,,,0.0631551742553711,3.0616250038146973,1.225520133972168,,,3.0014052391052246,647.3015179634094,444.0155825614929,
Spd_RF2_120_202_2387,120,202,442,,1,1,1,,,8,10,9,,,0.06262397766113281,2.928650140762329,1.8745579719543457,,,5.778028726577759,647.4732961654663,444.44634652137756,
Spd_RF2_120_202_2395,120,202,442,,1,1,1,,,7,11,32,,,0.061063289642333984,2.9074509143829346,2.128268003463745,,,6.143433570861816,647.3995151519775,444.5464062690735,
Spd_RF2_120_202_2403,120,202,442,,1,1,1,,,9,11,10,,,0.11837244033813477,3.5166232585906982,2.052729606628418,,,4.071985244750977,647.2991924285889,444.97493171691895,
Spd_RF2_140_157_2611,140,157,417,,1,1,1,,,35,35,35,,,0.06238913536071777,2.8493497371673584,1.884065866470337,,,0.3826260566711426,16.997701168060303,55.65831279754639,
Spd_RF2_140_157_2619,140,157,417,,1,1,1,,,34,34,34,,,0.06003737449645996,3.0272481441497803,1.89105224609375,,,0.5906333923339844,18.95703649520874,29.73407816886902,
Spd_RF2_140_157_2627,140,157,417,,1,1,1,,,35,35,35,,,0.07255697250366211,1.8194739818572998,1.9062931537628174,,,0.9581880569458008,59.22859001159668,139.7686161994934,
Spd_RF2_140_157_2635,140,157,417,,1,1,1,,,34,34,34,,,0.0635371208190918,2.8510470390319824,2.0144829750061035,,,0.6016206741333008,8.940825462341309,23.860921382904053,
Spd_RF2_140_157_2643,140,157,417,,1,1,1,,,33,33,33,,,0.05518937110900879,2.8034110069274902,1.7727069854736328,,,3.033585548400879,7.554556369781494,26.373074054718018,
Spd_RF2_140_175_2651,140,175,435,,1,1,1,,,24,24,23,,,0.14102935791015625,3.1800875663757324,2.0455336570739746,,,1.7085294723510742,169.48453402519226,127.20261120796204,
Spd_RF2_140_175_2659,140,175,435,,1,1,1,,,27,27,27,,,0.06217312812805176,2.903921127319336,2.0028090476989746,,,0.7874858379364014,196.42647910118103,151.3412322998047,
Spd_RF2_140_175_2667,140,175,435,,1,1,1,,,26,26,26,,,0.05864429473876953,3.128743886947632,2.085096597671509,,,1.8371188640594482,613.5420527458191,310.9752788543701,
Spd_RF2_140_175_2675,140,175,435,,1,1,1,,,25,25,25,,,0.06518149375915527,3.092095375061035,2.4345898628234863,,,0.7467958927154541,203.9621741771698,289.3577342033386,
Spd_RF2_140_175_2683,140,175,435,,1,1,1,,,27,27,27,,,0.058129072189331055,3.134753704071045,2.072089672088623,,,0.7595489025115967,105.45574998855591,134.44791913032532,
Spd_RF2_140_193_2691,140,193,453,,1,1,1,,,18,18,18,,,0.062042236328125,3.841975688934326,2.223154067993164,,,0.9456403255462646,464.35019278526306,353.43747115135193,
Spd_RF2_140_193_2699,140,193,453,,1,1,1,,,18,19,20,,,0.06406474113464355,2.6369519233703613,2.312481641769409,,,12.981233596801758,649.6085269451141,455.74540519714355,
Spd_RF2_140_193_2707,140,193,453,,1,1,1,,,19,19,20,,,0.047408103942871094,3.709427833557129,2.8171446323394775,,,1.3343079090118408,615.9142677783966,455.59998846054077,
Spd_RF2_140_193_2715,140,193,453,,1,1,1,,,20,22,23,,,0.0399022102355957,2.3275249004364014,2.265979051589966,,,4.903188943862915,648.9496066570282,455.66338872909546,
Spd_RF2_140_193_2723,140,193,453,,1,1,1,,,19,21,21,,,0.0392916202545166,2.3245670795440674,2.3586361408233643,,,4.411810636520386,648.8362221717834,455.7481920719147,
Spd_RF2_140_211_2731,140,211,471,,1,1,1,,,14,17,17,,,0.04391193389892578,2.5938034057617188,2.4993560314178467,,,1.6447556018829346,685.0860829353333,474.41753911972046,
Spd_RF2_140_211_2739,140,211,471,,1,1,1,,,17,20,22,,,0.050276756286621094,2.6579205989837646,2.403404951095581,,,8.698819160461426,685.1076302528381,473.8663065433502,
Spd_RF2_140_211_2747,140,211,471,,1,1,1,,,16,21,16,,,0.04172635078430176,2.537062406539917,2.402766227722168,,,2.7927021980285645,685.2238974571228,473.46437096595764,
Spd_RF2_140_211_2755,140,211,471,,1,1,1,,,14,14,15,,,0.03873586654663086,2.5401620864868164,1.6852846145629883,,,0.5048608779907227,243.59435868263245,473.0246112346649,
Spd_RF2_140_211_2763,140,211,471,,1,1,1,,,15,17,17,,,0.04334092140197754,3.8298683166503906,1.5357179641723633,,,4.555907964706421,686.4911630153656,473.5977749824524,
Spd_RF2_140_229_2771,140,229,489,,1,1,1,,,10,11,15,,,0.041886329650878906,6.0179266929626465,3.3383536338806152,,,2.4851953983306885,723.9694747924805,492.0590708255768,
Spd_RF2_140_229_2779,140,229,489,,1,1,1,,,9,15,13,,,0.07358002662658691,2.7743823528289795,3.7255799770355225,,,9.443459510803223,721.5388956069946,492.4148499965668,
Spd_RF2_140_229_2787,140,229,489,,1,1,1,,,11,16,18,,,0.040627479553222656,2.547609567642212,2.600823163986206,,,8.9109046459198,721.2977902889252,492.45902729034424,
Spd_RF2_140_229_2795,140,229,489,,1,1,1,,,11,26,36,,,0.04060077667236328,2.9745490550994873,2.9792063236236572,,,4.344926595687866,721.2890884876251,491.844441652298,
Spd_RF2_140_229_2803,140,229,489,,1,1,1,,,12,14,13,,,0.07620382308959961,2.552398443222046,1.7060868740081787,,,7.693564414978027,721.1930406093597,492.70787239074707,
Spd_RF2_160_179_3011,160,179,459,,1,1,1,,,39,39,39,,,0.03458690643310547,2.5202927589416504,2.073312759399414,,,0.2869439125061035,22.73090100288391,104.46017932891846,
Spd_RF2_160_179_3019,160,179,459,,1,1,1,,,39,39,39,,,0.03446602821350098,2.4413883686065674,1.5542950630187988,,,0.4423990249633789,10.830132722854614,52.8130738735199,
Spd_RF2_160_179_3027,160,179,459,,1,1,1,,,41,41,41,,,0.03399920463562012,2.5001189708709717,1.659820795059204,,,0.412076473236084,78.16256666183472,193.61376452445984,
Spd_RF2_160_179_3035,160,179,459,,1,1,1,,,40,40,40,,,0.033831119537353516,2.4612393379211426,1.5434989929199219,,,0.34481215476989746,68.04333114624023,63.040932178497314,
Spd_RF2_160_179_3043,160,179,459,,1,1,1,,,40,40,40,,,0.06174898147583008,2.4953465461730957,1.7309224605560303,,,0.26937294006347656,6.527996778488159,24.81539034843445,
Spd_RF2_160_198_3051,160,198,478,,1,1,1,,,32,32,32,,,0.03951382637023926,2.6580421924591064,1.7061748504638672,,,0.32260680198669434,235.36398363113403,482.5005466938019,
Spd_RF2_160_198_3059,160,198,478,,1,1,1,,,29,29,32,,,0.038878679275512695,2.6195976734161377,3.241617202758789,,,3.142716884613037,596.1142892837524,481.7258245944977,
Spd_RF2_160_198_3067,160,198,478,,1,1,1,,,32,33,32,,,0.04437756538391113,2.71189546585083,3.353020668029785,,,0.486339807510376,679.444041967392,215.48012590408325,
Spd_RF2_160_198_3075,160,198,478,,1,1,1,,,31,31,33,,,0.03783559799194336,2.887946367263794,1.7655951976776123,,,6.83106541633606,679.1290423870087,480.7088677883148,
Spd_RF2_160_198_3083,160,198,478,,1,1,1,,,32,32,34,,,0.03952145576477051,2.5807673931121826,2.7203848361968994,,,1.1849801540374756,679.1952660083771,480.57689452171326,
Spd_RF2_160_218_3091,160,218,498,,1,1,1,,,22,22,23,,,0.04582691192626953,2.9003472328186035,1.8766522407531738,,,7.072170972824097,273.6446852684021,500.5205943584442,
Spd_RF2_160_218_3099,160,218,498,,1,1,1,,,25,26,27,,,0.04172992706298828,2.846668004989624,1.8736627101898193,,,0.8893165588378906,719.2848370075226,500.37404346466064,
Spd_RF2_160_218_3107,160,218,498,,1,1,1,,,21,22,23,,,0.04071998596191406,2.9593653678894043,1.8049640655517578,,,4.051680326461792,719.3893718719482,500.3219258785248,
Spd_RF2_160_218_3115,160,218,498,,1,1,1,,,24,24,26,,,0.04161524772644043,2.9116740226745605,1.760972023010254,,,0.8737702369689941,391.4025089740753,500.33001708984375,
Spd_RF2_160_218_3123,160,218,498,,1,1,1,,,25,26,26,,,0.03882861137390137,2.817997455596924,1.82957124710083,,,0.536013126373291,719.516850233078,500.30446696281433,
Spd_RF2_160_237_3131,160,237,517,,1,1,1,,,20,37,25,,,0.045807838439941406,3.012969970703125,1.9723172187805176,,,11.381289720535278,757.7508037090302,519.4769275188446,
Spd_RF2_160_237_3139,160,237,517,,1,1,1,,,16,18,20,,,0.045546531677246094,3.001378059387207,1.9186806678771973,,,8.385291337966919,757.7913527488708,519.5841298103333,
Spd_RF2_160_237_3147,160,237,517,,1,1,1,,,17,21,24,,,0.043001413345336914,3.0068178176879883,1.9318721294403076,,,13.044029712677002,757.7448167800903,519.5701940059662,
Spd_RF2_160_237_3155,160,237,517,,1,1,1,,,16,22,20,,,0.041239023208618164,3.1148624420166016,1.9396026134490967,,,11.485758781433105,757.7410209178925,519.6071572303772,
Spd_RF2_160_237_3163,160,237,517,,1,1,1,,,18,20,22,,,0.0415194034576416,3.073519468307495,1.8991262912750244,,,6.338465690612793,757.72616314888,519.4823768138885,
Spd_RF2_160_257_3171,160,257,537,,1,1,1,,,16,33,21,,,0.04425406455993652,3.4149999618530273,2.0700173377990723,,,3.9867963790893555,798.226241350174,540.3398342132568,
Spd_RF2_160_257_3179,160,257,537,,1,1,1,,,13,15,16,,,0.04436612129211426,3.363074779510498,3.216046094894409,,,7.9521095752716064,798.1262447834015,541.3485631942749,
Spd_RF2_160_257_3187,160,257,537,,1,1,1,,,12,37,15,,,0.0441899299621582,3.294721841812134,2.0919647216796875,,,14.73512887954712,797.989848613739,539.8166100978851,
Spd_RF2_160_257_3195,160,257,537,,1,1,1,,,13,15,51,,,0.04350852966308594,3.3095831871032715,2.08748459815979,,,6.7841551303863525,798.0328488349915,539.6730804443359,
Spd_RF2_160_257_3203,160,257,537,,1,1,1,,,13,15,17,,,0.04433560371398926,3.2677230834960938,2.250284194946289,,,9.473594188690186,798.0950365066528,540.3208153247833,
Spd_RF2_180_200_3411,180,200,500,,1,1,,,,47,47,,,,0.03982996940612793,3.0471458435058594,,,,0.24886775016784668,31.727137327194214,,
Spd_RF2_180_200_3419,180,200,500,,1,1,,,,47,47,,,,0.03943347930908203,4.538294315338135,,,,0.2844877243041992,50.48796772956848,,
Spd_RF2_180_200_3427,180,200,500,,1,1,,,,47,47,,,,0.03903603553771973,3.0347108840942383,,,,0.5095469951629639,55.243467807769775,,
Spd_RF2_180_200_3435,180,200,500,,1,1,,,,46,46,,,,0.03799724578857422,2.9812309741973877,,,,0.40180015563964844,98.29704117774963,,
Spd_RF2_180_200_3443,180,200,500,,1,1,,,,45,45,,,,0.038877010345458984,2.9406120777130127,,,,0.45734167098999023,98.80886316299438,,
Spd_RF2_180_221_3451,180,221,521,,1,1,,,,33,34,,,,0.042191267013549805,4.14093017578125,,,,3.3116350173950195,747.8833050727844,,
Spd_RF2_180_221_3459,180,221,521,,1,1,,,,36,39,,,,0.04005885124206543,3.699629306793213,,,,6.160561561584473,746.4902937412262,,
Spd_RF2_180_221_3467,180,221,521,,1,1,,,,34,34,,,,0.0702521800994873,3.8902618885040283,,,,0.6515779495239258,326.22587728500366,,
Spd_RF2_180_221_3475,180,221,521,,1,1,,,,35,36,,,,0.039823055267333984,3.801194667816162,,,,4.5490806102752686,747.5689778327942,,
Spd_RF2_180_221_3483,180,221,521,,1,1,,,,37,37,,,,0.0430450439453125,6.115890741348267,,,,0.5237884521484375,268.39350295066833,,
Spd_RF2_180_242_3491,180,242,542,,1,1,,,,25,28,,,,0.04497933387756348,4.1580235958099365,,,,8.334354162216187,788.9590086936951,,
Spd_RF2_180_242_3499,180,242,542,,1,1,,,,26,27,,,,0.044692039489746094,4.149240016937256,,,,6.956974983215332,789.6882543563843,,
Spd_RF2_180_242_3507,180,242,542,,1,1,,,,26,36,,,,0.044821739196777344,6.501351356506348,,,,2.9002106189727783,791.1845717430115,,
Spd_RF2_180_242_3515,180,242,542,,1,1,,,,25,28,,,,0.045079946517944336,6.612321615219116,,,,3.360405206680298,790.6925840377808,,
Spd_RF2_180_242_3523,180,242,542,,1,1,,,,25,27,,,,0.045659542083740234,3.7934515476226807,,,,4.556780576705933,788.4233548641205,,
Spd_RF2_180_263_3531,180,263,563,,1,1,,,,19,24,,,,0.04683232307434082,4.100074052810669,,,,17.383182048797607,831.911164522171,,
Spd_RF2_180_263_3539,180,263,563,,1,1,,,,21,41,,,,0.04720258712768555,6.480140209197998,,,,2.072315216064453,832.3834447860718,,
Spd_RF2_180_263_3547,180,263,563,,1,1,,,,21,22,,,,0.04742717742919922,4.001381874084473,,,,4.366401672363281,830.851922750473,,
Spd_RF2_180_263_3555,180,263,563,,1,1,,,,21,36,,,,0.04750967025756836,4.1119065284729,,,,8.525346040725708,832.3418302536011,,
Spd_RF2_180_263_3563,180,263,563,,1,1,,,,23,43,,,,0.04652142524719238,3.9961724281311035,,,,5.311768054962158,830.7118663787842,,
Spd_RF2_180_284_3571,180,284,584,,1,1,,,,16,21,,,,0.05167198181152344,4.48379921913147,,,,24.334043979644775,873.495302438736,,
Spd_RF2_180_284_3579,180,284,584,,1,1,,,,17,20,,,,0.05081534385681152,8.363017559051514,,,,21.422117948532104,875.0949475765228,,
Spd_RF2_180_284_3587,180,284,584,,1,1,,,,15,23,,,,0.052091121673583984,4.160813331604004,,,,22.08117389678955,873.1661620140076,,
Spd_RF2_180_284_3595,180,284,584,,1,1,,,,20,23,,,,0.05024123191833496,4.292240381240845,,,,6.6886396408081055,873.1385111808777,,
Spd_RF2_180_284_3603,180,284,584,,1,1,,,,20,38,,,,0.04996228218078613,4.474477529525757,,,,5.485995054244995,873.1345148086548,,
Spd_RF2_200_222_3811,200,222,542,,1,1,1,,,51,51,51,,,0.046278953552246094,3.9263617992401123,2.4911422729492188,,,0.25136470794677734,10.849085569381714,86.08435297012329,
Spd_RF2_200_222_3819,200,222,542,,1,1,,,,50,50,,,,0.04292464256286621,3.949442148208618,,,,0.42997050285339355,13.233310461044312,,
Spd_RF2_200_222_3827,200,222,542,,1,1,,,,50,50,,,,0.05175662040710449,4.068948984146118,,,,0.4278218746185303,144.57861161231995,,
Spd_RF2_200_222_3835,200,222,542,,1,1,,,,51,51,,,,0.04528403282165527,3.929564952850342,,,,0.3208956718444824,134.61825823783875,,
Spd_RF2_200_222_3843,200,222,542,,1,1,,,,51,51,,,,0.04281973838806152,4.1465983390808105,,,,0.29694557189941406,90.61550164222717,,
Spd_RF2_200_244_3851,200,244,564,,1,1,,,,40,43,,,,0.04833531379699707,4.2926108837127686,,,,3.2067997455596924,813.0501835346222,,
Spd_RF2_200_244_3859,200,244,564,,1,1,,,,42,42,,,,0.045256614685058594,4.112041473388672,,,,0.6209301948547363,676.0402956008911,,
Spd_RF2_200_244_3867,200,244,564,,1,1,,,,39,39,,,,0.07885050773620605,4.373548746109009,,,,2.1477949619293213,814.2513771057129,,
Spd_RF2_200_244_3875,200,244,564,,1,1,,,,37,38,,,,0.04614877700805664,7.109416961669922,,,,1.7338712215423584,815.7549839019775,,
Spd_RF2_200_244_3883,200,244,564,,1,1,,,,39,41,,,,0.047649383544921875,7.6822309494018555,,,,7.672143459320068,815.607878446579,,
Spd_RF2_200_267_3891,200,267,587,,1,1,,,,31,33,,,,0.04998350143432617,7.559812545776367,,,,5.031385898590088,863.5075449943542,,
Spd_RF2_200_267_3899,200,267,587,,1,1,,,,30,53,,,,0.049263715744018555,8.611563920974731,,,,11.691529512405396,862.6560900211334,,
Spd_RF2_200_267_3907,200,267,587,,1,1,,,,30,34,,,,0.04836392402648926,8.113394021987915,,,,1.3751304149627686,862.896918296814,,
Spd_RF2_200_267_3915,200,267,587,,1,1,,,,30,49,,,,0.08415746688842773,8.590956926345825,,,,3.711747646331787,862.290632724762,,
Spd_RF2_200_267_3923,200,267,587,,1,1,,,,31,33,,,,0.05064678192138672,9.144918441772461,,,,6.1418211460113525,862.363890171051,,
Spd_RF2_200_289_3931,200,289,609,,1,1,,,,23,48,,,,0.050657033920288086,8.266847610473633,,,,4.898754835128784,906.5156235694885,,
Spd_RF2_200_289_3939,200,289,609,,1,1,,,,25,29,,,,0.051856279373168945,4.952375650405884,,,,10.827237367630005,903.924426317215,,
Spd_RF2_200_289_3947,200,289,609,,1,1,,,,25,47,,,,0.054605722427368164,5.164103984832764,,,,10.62723183631897,904.7167861461639,,
Spd_RF2_200_289_3955,200,289,609,,1,1,,,,26,29,,,,0.05351901054382324,5.115882635116577,,,,10.142512321472168,904.6858854293823,,
Spd_RF2_200_289_3963,200,289,609,,1,1,,,,25,48,,,,0.05254721641540527,4.960489988327026,,,,8.934191942214966,903.9389021396637,,
Spd_RF2_200_312_3971,200,312,632,,1,1,,,,18,51,,,,0.05541253089904785,5.449130058288574,,,,16.82362985610962,950.4790682792664,,
Spd_RF2_200_312_3979,200,312,632,,1,1,,,,16,49,,,,0.055504560470581055,5.125531196594238,,,,18.66962695121765,950.3970949649811,,
Spd_RF2_200_312_3987,200,312,632,,1,1,,,,19,40,,,,0.06711602210998535,5.241309642791748,,,,11.509095430374146,950.6329109668732,,
Spd_RF2_200_312_3995,200,312,632,,1,1,,,,17,41,,,,0.05463838577270508,5.356389760971069,,,,14.45537519454956,950.6334972381592,,
Spd_RF2_200_312_4003,200,312,632,,1,1,,,,19,44,,,,0.08182477951049805,5.423677206039429,,,,19.29827117919922,950.3203520774841,,
Spd_RF2_20_27_211,20,27,167,1,1,1,1,,1,1,1,1,,196.94833755493164,0.00606536865234375,0.09099245071411133,0.04011845588684082,,42.393593311309814,0.0711514949798584,0.21954059600830078,0.1112215518951416,
Spd_RF2_20_27_219,20,27,167,1,1,1,1,,2,2,2,2,,203.05827832221985,0.005039691925048828,0.09564065933227539,0.05891227722167969,,43.06570553779602,0.05672168731689453,0.22266817092895508,0.23123431205749512,
Spd_RF2_20_27_227,20,27,167,,1,1,1,,,2,2,1,,,0.00603795051574707,0.07392001152038574,0.03644919395446777,,,0.05610322952270508,0.523118257522583,0.13120007514953613,
Spd_RF2_20_27_235,20,27,167,,1,1,1,,,3,3,3,,,0.006010770797729492,0.0425410270690918,0.02695631980895996,,,0.05549740791320801,0.14057374000549316,0.12154316902160645,
Spd_RF2_20_27_243,20,27,167,,1,1,1,,,4,4,4,,,0.006005764007568359,0.04214930534362793,0.026694774627685547,,,0.05336427688598633,0.14092445373535156,0.139678955078125,
Spd_RF2_20_34_251,20,34,174,,1,1,1,,,1,1,1,,,0.006002187728881836,0.05091547966003418,0.0339055061340332,,,0.06663203239440918,0.20248866081237793,0.1616230010986328,
Spd_RF2_20_34_259,20,34,174,,1,1,1,,,1,1,1,,,0.006009817123413086,0.051312923431396484,0.030599355697631836,,,0.08044767379760742,0.18385934829711914,0.14784836769104004,
Spd_RF2_20_34_267,20,34,174,,1,1,1,,,1,1,1,,,0.007690906524658203,0.054038286209106445,0.03136563301086426,,,0.09266400337219238,0.44478750228881836,0.18572521209716797,
Spd_RF2_20_34_275,20,34,174,,1,1,1,,,2,2,2,,,0.006514310836791992,0.053089141845703125,0.032045602798461914,,,0.07321667671203613,0.20214033126831055,0.17060399055480957,
Spd_RF2_20_34_283,20,34,174,,1,1,1,,,1,1,1,,,0.005999088287353516,0.05793285369873047,0.03235268592834473,,,0.06394696235656738,0.1776742935180664,0.17418289184570312,
Spd_RF2_20_42_291,20,42,182,,1,1,1,,,1,1,1,,,0.007006168365478516,0.06483340263366699,0.03807210922241211,,,0.08380389213562012,0.29717373847961426,0.18220901489257812,
Spd_RF2_20_42_299,20,42,182,,1,1,1,,,0,0,0,,,0.008539915084838867,0.10208368301391602,0.036733150482177734,,,0.06842637062072754,0.24785161018371582,0.17360949516296387,
Spd_RF2_20_42_307,20,42,182,,1,1,1,,,0,0,0,,,0.00699925422668457,0.062189340591430664,0.03866291046142578,,,0.07382392883300781,0.35608339309692383,0.19293475151062012,
Spd_RF2_20_42_315,20,42,182,,1,1,1,,,0,0,0,,,0.006999015808105469,0.06286501884460449,0.03929567337036133,,,0.08369755744934082,0.4576244354248047,0.2798726558685303,
Spd_RF2_20_42_323,20,42,182,,1,1,1,,,0,0,0,,,0.00815892219543457,0.0612640380859375,0.035628557205200195,,,0.07213830947875977,0.37764549255371094,0.3007524013519287,
Spd_RF2_20_49_331,20,49,189,,1,1,1,,,0,0,0,,,0.009002447128295898,0.07127165794372559,0.04072093963623047,,,0.0735776424407959,0.30326318740844727,0.681830644607544,
Spd_RF2_20_49_339,20,49,189,,1,1,1,,,0,0,0,,,0.008590459823608398,0.07267928123474121,0.04579901695251465,,,0.06921887397766113,0.2545008659362793,1.0663788318634033,
Spd_RF2_20_49_347,20,49,189,,1,1,1,,,0,0,0,,,0.00799417495727539,0.0710442066192627,0.04292893409729004,,,0.0816349983215332,0.2875704765319824,0.9017946720123291,
Spd_RF2_20_49_355,20,49,189,,1,1,1,,,0,0,0,,,0.00800180435180664,0.07290410995483398,0.05128669738769531,,,0.08402276039123535,0.6653800010681152,0.5922276973724365,
Spd_RF2_20_49_363,20,49,189,,1,1,1,,,0,0,0,,,0.007998943328857422,0.07021236419677734,0.04211139678955078,,,0.08560371398925781,0.30640387535095215,0.8951570987701416,
Spd_RF2_20_57_371,20,57,197,,1,1,1,,,0,0,0,,,0.009005308151245117,0.10883355140686035,0.05240321159362793,,,0.07880187034606934,0.4266667366027832,1.2917494773864746,
Spd_RF2_20_57_379,20,57,197,,1,1,1,,,0,0,0,,,0.009996414184570312,0.07831954956054688,0.05148482322692871,,,0.08376026153564453,0.31830787658691406,0.4129948616027832,
Spd_RF2_20_57_387,20,57,197,,1,1,1,,,0,0,0,,,0.009352922439575195,0.08497738838195801,0.04853057861328125,,,0.08475494384765625,0.4038393497467041,0.4608492851257324,
Spd_RF2_20_57_395,20,57,197,,1,1,1,,,0,0,0,,,0.008992910385131836,0.08388376235961914,0.05802202224731445,,,0.09095048904418945,0.34636974334716797,1.5590062141418457,
Spd_RF2_20_57_403,20,57,197,,1,1,1,,,0,0,0,,,0.009636640548706055,0.0849149227142334,0.04700016975402832,,,0.09203171730041504,0.30727601051330566,0.7838618755340576,
Spd_RF2_250_273_4011,250,273,643,,1,,,,,67,,,,,0.05505776405334473,,,,,0.3187839984893799,,,
Spd_RF2_250_273_4019,250,273,643,,1,,,,,65,,,,,0.05219078063964844,,,,,0.4946286678314209,,,
Spd_RF2_250_273_4027,250,273,643,,1,,,,,66,,,,,0.08173823356628418,,,,,0.8098697662353516,,,
Spd_RF2_250_273_4035,250,273,643,,1,,,,,66,,,,,0.05563688278198242,,,,,0.43467164039611816,,,
Spd_RF2_250_273_4043,250,273,643,,1,,,,,66,,,,,0.06172823905944824,,,,,0.6315114498138428,,,
Spd_RF2_250_297_4051,250,297,667,,1,,,,,51,,,,,0.05593276023864746,,,,,5.108521223068237,,,
Spd_RF2_250_297_4059,250,297,667,,1,,,,,55,,,,,0.05495333671569824,,,,,4.677204132080078,,,
Spd_RF2_250_297_4067,250,297,667,,1,,,,,51,,,,,0.05515909194946289,,,,,2.7371749877929688,,,
Spd_RF2_250_297_4075,250,297,667,,1,,,,,55,,,,,0.056082725524902344,,,,,13.588728904724121,,,
Spd_RF2_250_297_4083,250,297,667,,1,,,,,53,,,,,0.05727577209472656,,,,,6.145589590072632,,,
Spd_RF2_250_321_4091,250,321,691,,1,,,,,44,,,,,0.0607454776763916,,,,,8.383937120437622,,,
Spd_RF2_250_321_4099,250,321,691,,1,,,,,43,,,,,0.05865621566772461,,,,,12.5194411277771,,,
Spd_RF2_250_321_4107,250,321,691,,1,,,,,43,,,,,0.08947539329528809,,,,,10.532557249069214,,,
Spd_RF2_250_321_4115,250,321,691,,1,,,,,43,,,,,0.05829167366027832,,,,,4.510149717330933,,,
Spd_RF2_250_321_4123,250,321,691,,1,,,,,44,,,,,0.05962014198303223,,,,,7.303483486175537,,,
Spd_RF2_250_345_4131,250,345,715,,1,,,,,30,,,,,0.06371498107910156,,,,,18.398863554000854,,,
Spd_RF2_250_345_4139,250,345,715,,1,,,,,37,,,,,0.06484436988830566,,,,,9.968474388122559,,,
Spd_RF2_250_345_4147,250,345,715,,1,,,,,36,,,,,0.06637692451477051,,,,,7.934444189071655,,,
Spd_RF2_250_345_4155,250,345,715,,1,,,,,33,,,,,0.06334805488586426,,,,,45.314587354660034,,,
Spd_RF2_250_345_4163,250,345,715,,1,,,,,35,,,,,0.06628775596618652,,,,,1.8176853656768799,,,
Spd_RF2_250_369_4171,250,369,739,,1,,,,,27,,,,,0.06761884689331055,,,,,36.51421666145325,,,
Spd_RF2_250_369_4179,250,369,739,,1,,,,,25,,,,,0.09302163124084473,,,,,48.64838480949402,,,
Spd_RF2_250_369_4187,250,369,739,,1,,,,,25,,,,,0.06744217872619629,,,,,33.589776277542114,,,
Spd_RF2_250_369_4195,250,369,739,,1,,,,,28,,,,,0.06518959999084473,,,,,17.888508081436157,,,
Spd_RF2_250_369_4203,250,369,739,,1,,,,,26,,,,,0.06591105461120605,,,,,55.018794298172,,,
Spd_RF2_300_326_4211,300,326,746,,1,,,,,81,,,,,0.06396031379699707,,,,,1.1482908725738525,,,
Spd_RF2_300_326_4219,300,326,746,,1,,,,,80,,,,,0.0656735897064209,,,,,1.8434767723083496,,,
Spd_RF2_300_326_4227,300,326,746,,1,,,,,81,,,,,0.07125568389892578,,,,,1.7193493843078613,,,
Spd_RF2_300_326_4235,300,326,746,,1,,,,,81,,,,,0.06608915328979492,,,,,1.30855393409729,,,
Spd_RF2_300_326_4243,300,326,746,,1,,,,,82,,,,,0.06510806083679199,,,,,4.550194501876831,,,
Spd_RF2_300_353_4251,300,353,773,,1,,,,,67,,,,,0.09325051307678223,,,,,2.188521146774292,,,
Spd_RF2_300_353_4259,300,353,773,,1,,,,,67,,,,,0.0669245719909668,,,,,1.8627533912658691,,,
Spd_RF2_300_353_4267,300,353,773,,1,,,,,69,,,,,0.06684541702270508,,,,,17.463727474212646,,,
Spd_RF2_300_353_4275,300,353,773,,1,,,,,67,,,,,0.0659036636352539,,,,,7.581686735153198,,,
Spd_RF2_300_353_4283,300,353,773,,1,,,,,68,,,,,0.09585309028625488,,,,,4.060818910598755,,,
Spd_RF2_300_380_4291,300,380,800,,1,,,,,58,,,,,0.07068681716918945,,,,,6.7357704639434814,,,
Spd_RF2_300_380_4299,300,380,800,,1,,,,,55,,,,,0.07455277442932129,,,,,10.311113595962524,,,
Spd_RF2_300_380_4307,300,380,800,,1,,,,,54,,,,,0.08927702903747559,,,,,39.08413887023926,,,
Spd_RF2_300_380_4315,300,380,800,,1,,,,,51,,,,,0.09934186935424805,,,,,13.341192483901978,,,
Spd_RF2_300_380_4323,300,380,800,,1,,,,,55,,,,,0.07243800163269043,,,,,10.41528034210205,,,
Spd_RF2_300_407_4331,300,407,827,,1,,,,,48,,,,,0.07937502861022949,,,,,12.667241334915161,,,
Spd_RF2_300_407_4339,300,407,827,,1,,,,,47,,,,,0.07454633712768555,,,,,13.291149854660034,,,
Spd_RF2_300_407_4347,300,407,827,,1,,,,,46,,,,,0.1484394073486328,,,,,24.75563097000122,,,
Spd_RF2_300_407_4355,300,407,827,,1,,,,,44,,,,,0.16624808311462402,,,,,76.54519367218018,,,
Spd_RF2_300_407_4363,300,407,827,,1,,,,,46,,,,,0.0741739273071289,,,,,30.17390489578247,,,
Spd_RF2_300_434_4371,300,434,854,,1,,,,,36,,,,,0.07865381240844727,,,,,135.03284454345703,,,
Spd_RF2_300_434_4379,300,434,854,,1,,,,,35,,,,,0.09040594100952148,,,,,12.795829057693481,,,
Spd_RF2_300_434_4387,300,434,854,,1,,,,,36,,,,,0.08722233772277832,,,,,20.72033715248108,,,
Spd_RF2_300_434_4395,300,434,854,,1,,,,,39,,,,,0.07785630226135254,,,,,95.65663528442383,,,
Spd_RF2_300_434_4403,300,434,854,,1,,,,,40,,,,,0.10899662971496582,,,,,22.163578987121582,,,
Spd_RF2_350_378_4411,350,378,848,,1,,,,,96,,,,,0.0783989429473877,,,,,5.453278064727783,,,
Spd_RF2_350_378_4419,350,378,848,,1,,,,,93,,,,,0.07328963279724121,,,,,6.457982301712036,,,
Spd_RF2_350_378_4427,350,378,848,,1,,,,,96,,,,,0.07733893394470215,,,,,2.8162262439727783,,,
Spd_RF2_350_378_4435,350,378,848,,1,,,,,94,,,,,0.10632729530334473,,,,,2.4673900604248047,,,
Spd_RF2_350_378_4443,350,378,848,,1,,,,,94,,,,,0.07694077491760254,,,,,2.8758151531219482,,,
Spd_RF2_350_406_4451,350,406,876,,1,,,,,82,,,,,0.0812838077545166,,,,,11.25062108039856,,,
Spd_RF2_350_406_4459,350,406,876,,1,,,,,81,,,,,0.07805991172790527,,,,,10.297585725784302,,,
Spd_RF2_350_406_4467,350,406,876,,1,,,,,82,,,,,0.0872952938079834,,,,,19.08821129798889,,,
Spd_RF2_350_406_4475,350,406,876,,1,,,,,78,,,,,0.07722759246826172,,,,,8.465517282485962,,,
Spd_RF2_350_406_4483,350,406,876,,1,,,,,80,,,,,0.0889134407043457,,,,,26.17699646949768,,,
Spd_RF2_350_435_4491,350,435,905,,1,,,,,65,,,,,0.12555694580078125,,,,,18.60904097557068,,,
Spd_RF2_350_435_4499,350,435,905,,1,,,,,63,,,,,0.08820509910583496,,,,,449.1661102771759,,,
Spd_RF2_350_435_4507,350,435,905,,1,,,,,64,,,,,0.08426666259765625,,,,,22.32629895210266,,,
Spd_RF2_350_435_4515,350,435,905,,1,,,,,69,,,,,0.08188343048095703,,,,,24.843801498413086,,,
Spd_RF2_350_435_4523,350,435,905,,1,,,,,66,,,,,0.08548116683959961,,,,,39.37686800956726,,,
Spd_RF2_350_463_4531,350,463,933,,1,,,,,59,,,,,0.0893251895904541,,,,,28.635780334472656,,,
Spd_RF2_350_463_4539,350,463,933,,1,,,,,56,,,,,0.08673667907714844,,,,,30.48241353034973,,,
Spd_RF2_350_463_4547,350,463,933,,1,,,,,57,,,,,0.08951282501220703,,,,,490.66530871391296,,,
Spd_RF2_350_463_4555,350,463,933,,1,,,,,55,,,,,0.08784747123718262,,,,,76.99217677116394,,,
Spd_RF2_350_463_4563,350,463,933,,1,,,,,56,,,,,0.202728271484375,,,,,490.67327427864075,,,
Spd_RF2_350_492_4571,350,492,962,,1,,,,,46,,,,,0.1275033950805664,,,,,83.85558366775513,,,
Spd_RF2_350_492_4579,350,492,962,,1,,,,,50,,,,,0.1290287971496582,,,,,778.8943395614624,,,
Spd_RF2_350_492_4587,350,492,962,,1,,,,,41,,,,,0.09600234031677246,,,,,1706.9074478149414,,,
Spd_RF2_350_492_4595,350,492,962,,1,,,,,41,,,,,0.10492658615112305,,,,,96.62445402145386,,,
Spd_RF2_350_492_4603,350,492,962,,1,,,,,48,,,,,0.11243963241577148,,,,,148.28060936927795,,,
Spd_RF2_400_429_4611,400,429,949,,1,,,,,112,,,,,0.1426830291748047,,,,,2.775210380554199,,,
Spd_RF2_400_429_4619,400,429,949,,1,,,,,112,,,,,0.17443084716796875,,,,,1.9929027557373047,,,
Spd_RF2_400_429_4627,400,429,949,,1,,,,,112,,,,,0.1501936912536621,,,,,6.367418527603149,,,
Spd_RF2_400_429_4635,400,429,949,,1,,,,,110,,,,,0.21039295196533203,,,,,10.535361289978027,,,
Spd_RF2_400_429_4643,400,429,949,,1,,,,,113,,,,,0.18619632720947266,,,,,5.004331588745117,,,
Spd_RF2_400_459_4651,400,459,979,,1,,,,,95,,,,,0.21365833282470703,,,,,28.776731491088867,,,
Spd_RF2_400_459_4659,400,459,979,,1,,,,,91,,,,,0.17407703399658203,,,,,9.734856128692627,,,
Spd_RF2_400_459_4667,400,459,979,,1,,,,,94,,,,,0.19627046585083008,,,,,232.13226890563965,,,
Spd_RF2_400_459_4675,400,459,979,,1,,,,,96,,,,,0.17572641372680664,,,,,158.86563158035278,,,
Spd_RF2_400_459_4683,400,459,979,,1,,,,,94,,,,,0.15498948097229004,,,,,47.82571840286255,,,
Spd_RF2_400_489_4691,400,489,1009,,1,,,,,76,,,,,0.29990148544311523,,,,,75.81237959861755,,,
Spd_RF2_400_489_4699,400,489,1009,,1,,,,,80,,,,,0.16270661354064941,,,,,43.79704141616821,,,
Spd_RF2_400_489_4707,400,489,1009,,1,,,,,80,,,,,0.17690515518188477,,,,,33.138200759887695,,,
Spd_RF2_400_489_4715,400,489,1009,,1,,,,,78,,,,,0.17347264289855957,,,,,46.953245878219604,,,
Spd_RF2_400_489_4723,400,489,1009,,1,,,,,81,,,,,0.19831633567810059,,,,,546.316258430481,,,
Spd_RF2_400_519_4731,400,519,1039,,1,,,,,69,,,,,0.24220657348632812,,,,,327.75678753852844,,,
Spd_RF2_400_519_4739,400,519,1039,,1,,,,,65,,,,,0.22878122329711914,,,,,140.9234664440155,,,
Spd_RF2_400_519_4747,400,519,1039,,1,,,,,70,,,,,0.09900021553039551,,,,,117.15364575386047,,,
Spd_RF2_400_519_4755,400,519,1039,,1,,,,,68,,,,,0.10268545150756836,,,,,1118.122370481491,,,
Spd_RF2_400_519_4763,400,519,1039,,1,,,,,69,,,,,0.1331496238708496,,,,,25.434284687042236,,,
Spd_RF2_400_549_4771,400,549,1069,,1,,,,,57,,,,,0.12557673454284668,,,,,255.20807552337646,,,
Spd_RF2_400_549_4779,400,549,1069,,1,,,,,54,,,,,0.11279940605163574,,,,,99.58864402770996,,,
Spd_RF2_400_549_4787,400,549,1069,,1,,,,,56,,,,,0.13609099388122559,,,,,62.5684072971344,,,
Spd_RF2_400_549_4795,400,549,1069,,1,,,,,54,,,,,0.10327506065368652,,,,,83.70628356933594,,,
Spd_RF2_400_549_4803,400,549,1069,,1,,,,,59,,,,,0.13295292854309082,,,,,64.41143608093262,,,
Spd_RF2_40_50_611,40,50,210,,1,1,1,,,8,8,8,,,0.013514518737792969,0.16805553436279297,0.1269209384918213,,,0.0684967041015625,0.5964536666870117,0.38002824783325195,
Spd_RF2_40_50_619,40,50,210,,1,1,1,,,7,7,7,,,0.010189294815063477,0.1856827735900879,0.09368753433227539,,,0.0653083324432373,0.46267199516296387,0.39182376861572266,
Spd_RF2_40_50_627,40,50,210,,1,1,1,,,7,7,7,,,0.010553836822509766,0.15575027465820312,0.0940248966217041,,,0.1178274154663086,0.4481852054595947,0.4081735610961914,
Spd_RF2_40_50_635,40,50,210,,1,1,1,,,8,8,8,,,0.011949300765991211,0.18420028686523438,0.08983159065246582,,,0.08253121376037598,0.6133749485015869,0.4137701988220215,
Spd_RF2_40_50_643,40,50,210,,1,1,1,,,7,7,7,,,0.013925790786743164,0.16121411323547363,0.09795618057250977,,,0.10583090782165527,0.6370060443878174,0.475649356842041,
Spd_RF2_40_60_651,40,60,220,,1,1,1,,,3,3,3,,,0.011828184127807617,0.19613218307495117,0.10650062561035156,,,0.10742783546447754,0.7647292613983154,1.1785497665405273,
Spd_RF2_40_60_659,40,60,220,,1,1,1,,,3,3,3,,,0.012506961822509766,0.23124432563781738,0.10746240615844727,,,0.10003876686096191,0.7871296405792236,0.578963041305542,
Spd_RF2_40_60_667,40,60,220,,1,1,1,,,4,4,4,,,0.0190126895904541,0.18499422073364258,0.10869812965393066,,,0.10362100601196289,0.7028486728668213,0.5698182582855225,
Spd_RF2_40_60_675,40,60,220,,1,1,1,,,3,3,3,,,0.012000322341918945,0.2053825855255127,0.10856819152832031,,,0.20923638343811035,0.5850141048431396,0.5702686309814453,
Spd_RF2_40_60_683,40,60,220,,1,1,1,,,4,4,4,,,0.013089179992675781,0.20847749710083008,0.10734820365905762,,,0.07471823692321777,0.6387736797332764,0.5787055492401123,
Spd_RF2_40_71_691,40,71,231,,1,1,1,,,1,1,1,,,0.014069318771362305,0.2547793388366699,0.12182760238647461,,,0.18492412567138672,0.9258987903594971,0.8917276859283447,
Spd_RF2_40_71_699,40,71,231,,1,1,1,,,2,2,2,,,0.01307535171508789,0.23760318756103516,0.1206350326538086,,,0.16800928115844727,2.5229134559631348,1.3850033283233643,
Spd_RF2_40_71_707,40,71,231,,1,1,1,,,2,2,2,,,0.013131856918334961,0.3018531799316406,0.1490480899810791,,,0.1147620677947998,0.8445777893066406,1.6634025573730469,
Spd_RF2_40_71_715,40,71,231,,1,1,1,,,2,2,2,,,0.013245105743408203,0.2354731559753418,0.12245583534240723,,,0.13581299781799316,1.0549464225769043,1.456397533416748,
Spd_RF2_40_71_723,40,71,231,,1,1,1,,,1,1,1,,,0.01741814613342285,0.22240614891052246,0.1328716278076172,,,0.19028162956237793,1.260833501815796,0.4033212661743164,
Spd_RF2_40_81_731,40,81,241,,1,1,1,,,0,0,0,,,0.01498270034790039,0.23948383331298828,0.13891363143920898,,,0.15279412269592285,4.590324640274048,1.6698322296142578,
Spd_RF2_40_81_739,40,81,241,,1,1,1,,,1,1,1,,,0.015001535415649414,0.2864527702331543,0.13776469230651855,,,0.1566944122314453,10.179439544677734,4.165704250335693,
Spd_RF2_40_81_747,40,81,241,,1,1,1,,,1,1,1,,,0.01799607276916504,0.5178351402282715,0.16714978218078613,,,0.16462063789367676,3.516735076904297,1.4324777126312256,
Spd_RF2_40_81_755,40,81,241,,1,1,1,,,1,1,1,,,0.01676321029663086,0.7871541976928711,0.13850188255310059,,,0.25130391120910645,12.998807191848755,1.2438273429870605,
Spd_RF2_40_81_763,40,81,241,,1,1,1,,,1,1,1,,,0.020005464553833008,0.5064246654510498,0.15521502494812012,,,0.25435924530029297,1.2971065044403076,6.275976896286011,
Spd_RF2_40_92_771,40,92,252,,1,1,1,,,1,1,1,,,0.01700758934020996,0.6267907619476318,0.19493985176086426,,,0.7643601894378662,15.726306438446045,5.911457538604736,
Spd_RF2_40_92_779,40,92,252,,1,1,1,,,0,0,0,,,0.020000457763671875,0.49219465255737305,0.1845252513885498,,,0.2640342712402344,2.7193315029144287,1.5079257488250732,
Spd_RF2_40_92_787,40,92,252,,1,1,1,,,1,1,1,,,0.017351388931274414,0.4138777256011963,0.15923786163330078,,,0.15593695640563965,15.374045372009277,5.196648597717285,
Spd_RF2_40_92_795,40,92,252,,1,1,1,,,0,0,0,,,0.019657135009765625,0.4870760440826416,0.15285658836364746,,,0.18475627899169922,29.267478466033936,3.2460954189300537,
Spd_RF2_40_92_803,40,92,252,,1,1,1,,,1,1,1,,,0.016005516052246094,0.5363993644714355,0.18053960800170898,,,0.24166345596313477,3.30698823928833,1.0718421936035156,
Spd_RF2_450_482_4811,450,482,1052,,1,,,,,125,,,,,0.10296320915222168,,,,,7.301573038101196,,,
Spd_RF2_450_482_4819,450,482,1052,,1,,,,,126,,,,,0.0975809097290039,,,,,4.674712419509888,,,
Spd_RF2_450_482_4827,450,482,1052,,1,,,,,126,,,,,0.14311003684997559,,,,,6.650213003158569,,,
Spd_RF2_450_482_4835,450,482,1052,,1,,,,,125,,,,,0.11313271522521973,,,,,8.12972378730774,,,
Spd_RF2_450_482_4843,450,482,1052,,1,,,,,126,,,,,0.09745383262634277,,,,,2.742584705352783,,,
Spd_RF2_450_515_4851,450,515,1085,,1,,,,,107,,,,,0.10133528709411621,,,,,32.293800354003906,,,
Spd_RF2_450_515_4859,450,515,1085,,1,,,,,108,,,,,0.10153794288635254,,,,,16.002633094787598,,,
Spd_RF2_450_515_4867,450,515,1085,,1,,,,,106,,,,,0.10351729393005371,,,,,37.41998243331909,,,
Spd_RF2_450_515_4875,450,515,1085,,1,,,,,109,,,,,0.11376357078552246,,,,,22.014408588409424,,,
Spd_RF2_450_515_4883,450,515,1085,,1,,,,,106,,,,,0.13423967361450195,,,,,116.11201620101929,,,
Spd_RF2_450_548_4891,450,548,1118,,1,,,,,92,,,,,0.11209487915039062,,,,,34.89572024345398,,,
Spd_RF2_450_548_4899,450,548,1118,,1,,,,,88,,,,,0.10753607749938965,,,,,24.62277913093567,,,
Spd_RF2_450_548_4907,450,548,1118,,1,,,,,90,,,,,0.10111474990844727,,,,,162.02520394325256,,,
Spd_RF2_450_548_4915,450,548,1118,,1,,,,,88,,,,,0.10483694076538086,,,,,34.64283299446106,,,
Spd_RF2_450_548_4923,450,548,1118,,1,,,,,93,,,,,0.11580824851989746,,,,,197.13563013076782,,,
Spd_RF2_450_581_4931,450,581,1151,,1,,,,,77,,,,,0.1055138111114502,,,,,41.125571966171265,,,
Spd_RF2_450_581_4939,450,581,1151,,1,,,,,76,,,,,0.1407454013824463,,,,,89.92138290405273,,,
Spd_RF2_450_581_4947,450,581,1151,,1,,,,,79,,,,,0.1515498161315918,,,,,146.23755860328674,,,
Spd_RF2_450_581_4955,450,581,1151,,1,,,,,77,,,,,0.10916638374328613,,,,,486.18378376960754,,,
Spd_RF2_450_581_4963,450,581,1151,,1,,,,,77,,,,,0.1111447811126709,,,,,264.0198702812195,,,
Spd_RF2_450_614_4971,450,614,1184,,1,,,,,65,,,,,0.2075212001800537,,,,,816.4683916568756,,,
Spd_RF2_450_614_4979,450,614,1184,,1,,,,,66,,,,,0.18341350555419922,,,,,2976.9117081165314,,,
Spd_RF2_450_614_4987,450,614,1184,,1,,,,,64,,,,,0.291964054107666,,,,,508.32532477378845,,,
Spd_RF2_450_614_4995,450,614,1184,,1,,,,,68,,,,,0.11199808120727539,,,,,669.0721755027771,,,
Spd_RF2_450_614_5003,450,614,1184,,1,,,,,67,,,,,0.15955376625061035,,,,,174.56570100784302,,,
Spd_RF2_500_534_5011,500,534,1154,,1,,,,,141,,,,,0.10487747192382812,,,,,6.642703056335449,,,
Spd_RF2_500_534_5019,500,534,1154,,1,,,,,141,,,,,0.10346674919128418,,,,,7.5628838539123535,,,
Spd_RF2_500_534_5027,500,534,1154,,1,,,,,141,,,,,0.11843252182006836,,,,,3.231072425842285,,,
Spd_RF2_500_534_5035,500,534,1154,,1,,,,,145,,,,,0.1040046215057373,,,,,5.835989236831665,,,
Spd_RF2_500_534_5043,500,534,1154,,1,,,,,140,,,,,0.10909318923950195,,,,,5.003148794174194,,,
Spd_RF2_500_568_5051,500,568,1188,,1,,,,,121,,,,,0.1083672046661377,,,,,89.18320727348328,,,
Spd_RF2_500_568_5059,500,568,1188,,1,,,,,119,,,,,0.10751581192016602,,,,,10.840858697891235,,,
Spd_RF2_500_568_5067,500,568,1188,,1,,,,,122,,,,,0.11191082000732422,,,,,94.8329529762268,,,
Spd_RF2_500_568_5075,500,568,1188,,1,,,,,121,,,,,0.10900545120239258,,,,,38.333773374557495,,,
Spd_RF2_500_568_5083,500,568,1188,,1,,,,,121,,,,,0.11277151107788086,,,,,9.609739542007446,,,
Spd_RF2_500_603_5091,500,603,1223,,1,,,,,109,,,,,0.11377954483032227,,,,,27.922250032424927,,,
Spd_RF2_500_603_5099,500,603,1223,,1,,,,,105,,,,,0.11650943756103516,,,,,39.65281629562378,,,
Spd_RF2_500_603_5107,500,603,1223,,1,,,,,107,,,,,0.11399531364440918,,,,,466.4739212989807,,,
Spd_RF2_500_603_5115,500,603,1223,,1,,,,,105,,,,,0.19575786590576172,,,,,53.415688037872314,,,
Spd_RF2_500_603_5123,500,603,1223,,1,,,,,102,,,,,0.21967387199401855,,,,,687.6719837188721,,,
Spd_RF2_500_637_5131,500,637,1257,,1,,,,,92,,,,,0.11810755729675293,,,,,89.05455470085144,,,
Spd_RF2_500_637_5139,500,637,1257,,1,,,,,91,,,,,0.14566826820373535,,,,,46.36329936981201,,,
Spd_RF2_500_637_5147,500,637,1257,,1,,,,,91,,,,,0.11824703216552734,,,,,28.364837646484375,,,
Spd_RF2_500_637_5155,500,637,1257,,1,,,,,86,,,,,0.1217508316040039,,,,,791.0843992233276,,,
Spd_RF2_500_637_5163,500,637,1257,,1,,,,,85,,,,,0.133406400680542,,,,,32.51323962211609,,,
Spd_RF2_500_672_5171,500,672,1292,,1,,,,,81,,,,,0.13752961158752441,,,,,173.69345688819885,,,
Spd_RF2_500_672_5179,500,672,1292,,1,,,,,77,,,,,0.22111177444458008,,,,,1621.833333492279,,,
Spd_RF2_500_672_5187,500,672,1292,,1,,,,,71,,,,,0.15455245971679688,,,,,2411.6185162067413,,,
Spd_RF2_500_672_5195,500,672,1292,,1,,,,,77,,,,,0.37309980392456055,,,,,2619.1848499774933,,,
Spd_RF2_500_672_5203,500,672,1292,,1,,,,,76,,,,,0.14641976356506348,,,,,869.1537861824036,,,
Spd_RF2_60_107_1131,60,107,287,,1,1,1,,,3,3,3,,,0.019031524658203125,1.4709675312042236,0.31250476837158203,,,0.23981952667236328,66.92701768875122,22.55175256729126,
Spd_RF2_60_107_1139,60,107,287,,1,1,1,,,4,4,4,,,0.019463300704956055,1.0749602317810059,0.28801751136779785,,,0.18429207801818848,30.869885444641113,29.351142168045044,
Spd_RF2_60_107_1147,60,107,287,,1,1,1,,,3,3,3,,,0.01844048500061035,0.8421273231506348,0.7093331813812256,,,0.5245366096496582,51.132341384887695,15.395061731338501,
Spd_RF2_60_107_1155,60,107,287,,1,1,1,,,4,4,4,,,0.021060466766357422,0.9239892959594727,0.45148491859436035,,,0.17978692054748535,76.22300362586975,8.563651323318481,
Spd_RF2_60_107_1163,60,107,287,,1,1,1,,,3,3,3,,,0.019710302352905273,0.85233473777771,0.31545162200927734,,,0.4011218547821045,78.6119487285614,41.766950368881226,
Spd_RF2_60_119_1171,60,119,299,,1,1,1,,,2,2,2,,,0.02162027359008789,0.9172239303588867,0.31621694564819336,,,0.35218191146850586,70.4055244922638,16.17682147026062,
Spd_RF2_60_119_1179,60,119,299,,1,1,1,,,2,2,2,,,0.021773338317871094,0.8961162567138672,0.3376610279083252,,,0.40393519401550293,29.766958713531494,11.023454427719116,
Spd_RF2_60_119_1187,60,119,299,,1,1,1,,,1,1,1,,,0.02100539207458496,0.9127709865570068,0.33390069007873535,,,0.6609592437744141,12.786364316940308,3.409008264541626,
Spd_RF2_60_119_1195,60,119,299,,1,1,1,,,1,1,1,,,0.01957392692565918,0.8886680603027344,0.3414130210876465,,,0.5478627681732178,97.1802830696106,31.740289211273193,
Spd_RF2_60_119_1203,60,119,299,,1,1,1,,,2,2,2,,,0.022600173950195312,0.9649298191070557,0.3368527889251709,,,0.29375171661376953,8.775941848754883,6.258182525634766,
Spd_RF2_60_71_1011,60,71,251,,1,1,1,,,11,11,11,,,0.013423442840576172,0.6059365272521973,0.2076888084411621,,,0.1484673023223877,1.3318700790405273,0.9746799468994141,
Spd_RF2_60_71_1019,60,71,251,,1,1,1,,,14,14,14,,,0.015022993087768555,0.5869791507720947,0.20528793334960938,,,0.0849616527557373,1.076430082321167,1.4183220863342285,
Spd_RF2_60_71_1027,60,71,251,,1,1,1,,,13,13,13,,,0.014920711517333984,0.549152135848999,0.21615338325500488,,,0.10812568664550781,1.1689631938934326,1.1427719593048096,
Spd_RF2_60_71_1035,60,71,251,,1,1,1,,,12,12,12,,,0.015166044235229492,0.6128146648406982,0.2183089256286621,,,0.08689022064208984,1.517087697982788,2.1284470558166504,
Spd_RF2_60_71_1043,60,71,251,,1,1,1,,,15,15,15,,,0.014191865921020508,0.6735830307006836,0.19936275482177734,,,0.07286524772644043,0.890399694442749,0.82887864112854,
Spd_RF2_60_83_1051,60,83,263,,1,1,1,,,8,8,8,,,0.016997814178466797,0.7688591480255127,0.22693109512329102,,,0.25682759284973145,6.04210352897644,3.648291826248169,
Spd_RF2_60_83_1059,60,83,263,,1,1,1,,,7,7,7,,,0.016012191772460938,0.7857182025909424,0.22825145721435547,,,0.11571550369262695,3.038863182067871,2.2152175903320312,
Spd_RF2_60_83_1067,60,83,263,,1,1,1,,,8,8,8,,,0.01600360870361328,0.8400008678436279,0.22394704818725586,,,0.15737032890319824,4.164523124694824,2.1673128604888916,
Spd_RF2_60_83_1075,60,83,263,,1,1,1,,,10,10,10,,,0.016796350479125977,0.7735366821289062,0.262066125869751,,,0.12946343421936035,4.862489700317383,2.3683252334594727,
Spd_RF2_60_83_1083,60,83,263,,1,1,1,,,8,8,8,,,0.016103506088256836,0.9851012229919434,0.2511472702026367,,,0.1614532470703125,2.3060142993927,1.772308111190796,
Spd_RF2_60_95_1091,60,95,275,,1,1,1,,,7,7,7,,,0.01800537109375,0.786444902420044,0.2912936210632324,,,0.3008134365081787,4.358556032180786,9.114282369613647,
Spd_RF2_60_95_1099,60,95,275,,1,1,1,,,5,5,5,,,0.01699972152709961,0.815863847732544,0.2890353202819824,,,0.22447681427001953,2.8147289752960205,3.3848798274993896,
Spd_RF2_60_95_1107,60,95,275,,1,1,1,,,3,3,3,,,0.017004966735839844,0.742300271987915,0.25690245628356934,,,0.18767333030700684,7.085156440734863,12.606735944747925,
Spd_RF2_60_95_1115,60,95,275,,1,1,1,,,7,7,7,,,0.01690363883972168,1.2944660186767578,0.2746269702911377,,,0.18707966804504395,5.600727796554565,4.275568723678589,
Spd_RF2_60_95_1123,60,95,275,,1,1,1,,,5,5,5,,,0.01792764663696289,0.7429704666137695,0.2828645706176758,,,0.3737363815307617,7.642085075378418,6.331961393356323,
Spd_RF2_80_106_1451,80,106,306,,1,1,1,,,11,11,11,,,0.019999980926513672,1.3898682594299316,0.4102327823638916,,,0.19210243225097656,14.657280445098877,3.930800199508667,
Spd_RF2_80_106_1459,80,106,306,,1,1,1,,,12,12,12,,,0.020999670028686523,1.062662124633789,0.4208076000213623,,,0.17738890647888184,3.3101916313171387,6.886178970336914,
Spd_RF2_80_106_1467,80,106,306,,1,1,1,,,13,13,13,,,0.020999908447265625,1.2041444778442383,0.4233884811401367,,,0.6727662086486816,6.95224404335022,14.366449356079102,
Spd_RF2_80_106_1475,80,106,306,,1,1,1,,,12,12,12,,,0.019999265670776367,1.2438273429870605,0.41332364082336426,,,0.13800311088562012,2.402416229248047,10.75043797492981,
Spd_RF2_80_106_1483,80,106,306,,1,1,1,,,12,12,12,,,0.021996259689331055,1.457425594329834,0.42272090911865234,,,0.4908273220062256,6.049986124038696,12.902653455734253,
Spd_RF2_80_120_1491,80,120,320,,1,1,1,,,8,8,8,,,0.029784202575683594,1.3667798042297363,0.4298844337463379,,,0.3429296016693115,49.506653785705566,32.70955443382263,
Spd_RF2_80_120_1499,80,120,320,,1,1,1,,,8,8,8,,,0.02295827865600586,1.373887300491333,0.44058990478515625,,,0.5116965770721436,26.315248012542725,22.898837089538574,
Spd_RF2_80_120_1507,80,120,320,,1,1,1,,,8,8,8,,,0.023995399475097656,1.4602386951446533,0.4634566307067871,,,0.7719314098358154,123.15458822250366,16.923441886901855,
Spd_RF2_80_120_1515,80,120,320,,1,1,1,,,10,10,10,,,0.02100992202758789,1.2703447341918945,0.43419718742370605,,,0.26520371437072754,62.214913845062256,23.72200059890747,
Spd_RF2_80_120_1523,80,120,320,,1,1,1,,,10,10,10,,,0.021999120712280273,1.3768773078918457,0.46680450439453125,,,0.605837345123291,60.023189306259155,35.12280988693237,
Spd_RF2_80_133_1531,80,133,333,,1,1,1,,,6,6,6,,,0.02361893653869629,1.4780030250549316,0.5324268341064453,,,1.7329180240631104,467.28913283348083,77.49491500854492,
Spd_RF2_80_133_1539,80,133,333,,1,1,1,,,6,6,6,,,0.02200460433959961,0.8992071151733398,0.5108346939086914,,,0.793550968170166,108.09646272659302,23.337595462799072,
Spd_RF2_80_133_1547,80,133,333,,1,1,1,,,4,4,4,,,0.024004459381103516,0.8705041408538818,0.47097134590148926,,,0.43918943405151367,58.62389278411865,52.13410449028015,
Spd_RF2_80_133_1555,80,133,333,,1,1,1,,,5,5,5,,,0.024522066116333008,1.0016043186187744,0.5144116878509521,,,0.5133633613586426,35.173903703689575,10.67183256149292,
Spd_RF2_80_133_1563,80,133,333,,1,1,1,,,7,7,7,,,0.02300262451171875,1.0712971687316895,0.48595547676086426,,,0.6151371002197266,85.68597507476807,19.116288900375366,
Spd_RF2_80_147_1571,80,147,347,,1,1,1,,,2,2,2,,,0.025142431259155273,0.9737734794616699,0.5888524055480957,,,0.7109165191650391,58.252902030944824,47.97258520126343,
Spd_RF2_80_147_1579,80,147,347,,1,1,1,,,4,4,4,,,0.025487422943115234,1.028916835784912,0.5548057556152344,,,0.21041202545166016,188.1907036304474,8.156159162521362,
Spd_RF2_80_147_1587,80,147,347,,1,1,1,,,4,4,4,,,0.02599930763244629,0.998272180557251,0.5522348880767822,,,0.9218811988830566,78.36241316795349,91.31082439422607,
Spd_RF2_80_147_1595,80,147,347,,1,1,1,,,4,4,4,,,0.025391578674316406,0.9217770099639893,0.5275771617889404,,,0.8524494171142578,41.35391926765442,67.93722701072693,
Spd_RF2_80_147_1603,80,147,347,,1,1,1,,,3,3,3,,,0.0250091552734375,0.9783577919006348,0.5225317478179932,,,0.26996588706970215,72.60137128829956,65.52078342437744,
Spd_RF2_80_93_1411,80,93,293,,1,1,1,,,16,16,16,,,0.02520012855529785,1.122178316116333,0.3715364933013916,,,0.20856285095214844,4.020196914672852,5.057252407073975,
Spd_RF2_80_93_1419,80,93,293,,1,1,1,,,16,16,16,,,0.017004966735839844,1.0456974506378174,0.34906625747680664,,,0.14200806617736816,2.3563320636749268,2.058361530303955,
Spd_RF2_80_93_1427,80,93,293,,1,1,1,,,17,17,17,,,0.019550323486328125,0.9690365791320801,0.3718099594116211,,,0.1341383457183838,1.7824318408966064,1.8993792533874512,
Spd_RF2_80_93_1435,80,93,293,,1,1,1,,,16,16,16,,,0.019005537033081055,1.0271801948547363,0.3784763813018799,,,0.22874116897583008,2.258504867553711,1.4873290061950684,
Spd_RF2_80_93_1443,80,93,293,,1,1,1,,,17,17,17,,,0.018004894256591797,1.5097308158874512,0.3488144874572754,,,0.23743915557861328,3.325324058532715,1.3745670318603516,
